Email,Nom,Pr√©nom
riz@yopmail.com,riz,cuit
desmedt@free.frfranck,desmedt,franck
desmedtfr@free.fr,desmedt,franck
desmedt@free.fr,desmedt,franck
desmedt@free.frfrancklm,desmedt,franck
romain@free.com,desmedt,franck
desmedt@free.frfseb,desmedt,seb
desmedt@free.frfseb2,desmedt,seb
desmedt@free.fr55,desmedt,franck
romain@free.fri,desmedt,franck
romain@free.friu,desmedt,franck
romain@free.friuee,desmedt,franck
romain@free.friueeu,desmedt,franck
romain@free.friueeuo,desmedt,franck
romain@free.friueeuor,desmedt,franck
romain@free.friueeuory,desmedt,franck
romain@free.friueeuoryd,desmedt,franck
dromain@free.friueeuoryd,desmedt,franck
dromain@free.friueeuoryds,desmedt,franck
dromain@free.friueeuorydsd,desmedt,franck
romain@free.frert,desmedt,franck
romain@free.frertg,desmedt,franck
romain@free.frertge,desmedt,franck
romain@free.frertgeoe,desmedt,franck
romain@free.frertgeoet,desmedt,franck
romain@free.frertgeoetui,desmedt,franck
romain@free.frertgeoetuie,desmedt,franck
FFF@hh.com,vv,vvvvvvv
FFF@hh.com,vv,vvvvvvv
