Email,Nom,PrÃ©nom,id_gagnant,"date de jeu",lot
riz@yopmail.com,riz,cuit,2,"2017-11-21 14:37:39",casquette
desmedt@free.frfranck,desmedt,franck,3,"2017-11-21 15:45:16",casquette
desmedtfr@free.fr,desmedt,franck,4,"2017-11-21 15:46:35",casquette
desmedt@free.fr,desmedt,franck,5,"2017-11-22 13:03:27",casquette
desmedt@free.frfrancklm,desmedt,franck,6,"2017-11-22 13:12:11",casquette
romain@free.com,desmedt,franck,7,"2017-11-22 13:24:18",casquette
desmedt@free.frfseb,desmedt,seb,8,"2017-11-22 13:27:24",casquette
desmedt@free.frfseb2,desmedt,seb,9,"2017-11-22 13:30:14",casquette
desmedt@free.fr55,desmedt,franck,10,"2017-11-22 13:31:26",casquette
romain@free.fri,desmedt,franck,11,"2017-11-22 13:35:28",casquette
romain@free.friu,desmedt,franck,12,"2017-11-22 13:38:11",casquette
romain@free.friuee,desmedt,franck,13,"2017-11-22 13:52:30",casquette
romain@free.friueeu,desmedt,franck,14,"2017-11-22 13:53:04",casquette
romain@free.friueeuo,desmedt,franck,15,"2017-11-22 13:54:09",casquette
romain@free.friueeuor,desmedt,franck,16,"2017-11-22 14:00:59",casquette
romain@free.friueeuory,desmedt,franck,17,"2017-11-22 14:05:24",casquette
romain@free.friueeuoryd,desmedt,franck,18,"2017-11-22 14:06:22",casquette
dromain@free.friueeuoryd,desmedt,franck,19,"2017-11-22 14:06:52",casquette
dromain@free.friueeuoryds,desmedt,franck,20,"2017-11-22 14:08:09",casquette
dromain@free.friueeuorydsd,desmedt,franck,21,"2017-11-22 14:08:19",porte-clé
romain@free.frert,desmedt,franck,22,"2017-11-22 14:18:58",casquette
romain@free.frertg,desmedt,franck,23,"2017-11-22 14:20:43",casquette
romain@free.frertge,desmedt,franck,24,"2017-11-22 14:21:43",casquette
romain@free.frertgeoe,desmedt,franck,25,"2017-11-22 14:29:04",casquette
romain@free.frertgeoet,desmedt,franck,26,"2017-11-22 14:36:33",casquette
romain@free.frertgeoetui,desmedt,franck,27,"2017-11-22 14:47:03",casquette
romain@free.frertgeoetuie,desmedt,franck,28,"2017-11-22 14:57:09",casquette
FFF@hh.com,vv,vvvvvvv,29,"2017-11-22 15:47:03",casquette
FFF@hh.com,vv,vvvvvvv,30,"2017-11-23 09:40:03",casquette
